HTTrack3.48-21+htsswf+htsjava launched on Sun, 19 Jun 2016 19:06:55 at http://www.niyati.com/ +*.png +*.gif +*.jpg +*.jpeg +*.css +*.js -ad.doubleclick.net/* -mime:application/foobar
(winhttrack -qwC2%Ps2u1%s%uN0%I0p3DaK0H0%kf2A25000%f#f -F "Mozilla/4.5 (compatible; HTTrack 3.0x; Windows 98)" -%F "<!-- Mirrored from %s%s by HTTrack Website Copier/3.x [XR&CO'2014], %s -->" -%l "en, *" http://www.niyati.com/ -O1 "C:\My Web Sites\Niyati" +*.png +*.gif +*.jpg +*.jpeg +*.css +*.js -ad.doubleclick.net/* -mime:application/foobar )

Information, Warnings and Errors reported for this mirror:
note:	the hts-log.txt file, and hts-cache folder, may contain sensitive information,
	such as username/password authentication for websites mirrored in this project
	do not share these files/folders if you want these information to remain private

19:35:13	Error: 	"Bad Request" (400) at link www.googletagmanager.com/gtm.js?id= (from www.niyati.com/web-design-cost.htm)
19:50:26	Warning: 	Retry after error -2 (Receive Time Out) at link www.niyati.com/images/video-rangde.jpg (from www.niyati.com/multimedia-portfolio)
19:50:57	Warning: 	Moved Permanently for www.niyati.com/blog/?p=1605
19:50:57	Warning: 	File has moved from www.niyati.com/blog/?p=1605 to http://www.niyati.com/blog/2016/02/18/ecommerce-website/
19:51:46	Warning: 	Retry after error -2 (Receive Time Out) at link www.niyati.com/blog/wp-content/uploads/2016/02/ecommerce-website.jpg (from www.niyati.com/blog/2016/02/18/ecommerce-website/)
19:53:56	Warning: 	Retry after error -2 (Receive Time Out) at link www.niyati.com/blog/wp-content/plugins/related-posts-by-zemanta/static/thumbs/30.jpg (from www.niyati.com/blog/2016/02/18/ecommerce-website/)
19:54:40	Warning: 	Moved Permanently for www.niyati.com/blog/2016/02/18/ecommerce-website/1605 http://www.niyati.com/blog/?p=1605
19:54:40	Warning: 	File has moved from www.niyati.com/blog/2016/02/18/ecommerce-website/1605 http://www.niyati.com/blog/?p=1605 to http://www.niyati.com/blog/2016/02/18/ecommerce-website/
20:00:41	Warning: 	Moved Permanently for www.niyati.com/blog/?p=1600
20:00:41	Warning: 	File has moved from www.niyati.com/blog/?p=1600 to http://www.niyati.com/blog/2016/01/30/rebranding-the-corporate-website-of-workmytaxes/
20:01:46	Warning: 	Moved Permanently for www.niyati.com/blog/2016/01/30/rebranding-the-corporate-website-of-workmytaxes/1600 http://www.niyati.com/blog/?p=1600
20:01:46	Warning: 	File has moved from www.niyati.com/blog/2016/01/30/rebranding-the-corporate-website-of-workmytaxes/1600 http://www.niyati.com/blog/?p=1600 to http://www.niyati.com/blog/2016/01/30/rebranding-the-corporate-website-of-workmytaxes/
20:01:46	Warning: 	Moved Permanently for www.niyati.com/blog/?p=1594
20:01:46	Warning: 	File has moved from www.niyati.com/blog/?p=1594 to http://www.niyati.com/blog/2016/01/25/read-and-recycle-2/
20:02:19	Warning: 	Moved Permanently for www.niyati.com/blog/2016/01/25/read-and-recycle-2/1594 http://www.niyati.com/blog/?p=1594
20:02:19	Warning: 	File has moved from www.niyati.com/blog/2016/01/25/read-and-recycle-2/1594 http://www.niyati.com/blog/?p=1594 to http://www.niyati.com/blog/2016/01/25/read-and-recycle-2/
20:05:09	Warning: 	Found for www.niyati.com/statcounter.com/localstorage/
20:05:09	Warning: 	File has moved from www.niyati.com/statcounter.com/localstorage/ to http://www.niyati.com/404-error.htm
20:05:24	Warning: 	Moved Permanently for www.niyati.com/blog/?p=1344
20:05:24	Warning: 	File has moved from www.niyati.com/blog/?p=1344 to http://www.niyati.com/blog/2013/11/30/art-gallery-branding/
20:05:56	Warning: 	Moved Permanently for www.niyati.com/blog/2013/11/30/art-gallery-branding/1344 http://www.niyati.com/blog/?p=1344
20:05:56	Warning: 	File has moved from www.niyati.com/blog/2013/11/30/art-gallery-branding/1344 http://www.niyati.com/blog/?p=1344 to http://www.niyati.com/blog/2013/11/30/art-gallery-branding/
20:05:56	Warning: 	Moved Permanently for www.niyati.com/blog/?p=1411
20:05:56	Warning: 	File has moved from www.niyati.com/blog/?p=1411 to http://www.niyati.com/blog/2013/11/20/restaurant-logo-design/
20:06:25	Warning: 	Moved Permanently for www.niyati.com/blog/2013/11/20/restaurant-logo-design/1411 http://www.niyati.com/blog/?p=1411
20:06:25	Warning: 	File has moved from www.niyati.com/blog/2013/11/20/restaurant-logo-design/1411 http://www.niyati.com/blog/?p=1411 to http://www.niyati.com/blog/2013/11/20/restaurant-logo-design/
20:07:10	Warning: 	Moved Permanently for www.niyati.com/blog/?p=553
20:07:10	Warning: 	File has moved from www.niyati.com/blog/?p=553 to http://www.niyati.com/blog/2012/07/02/real-estate-logo-design/
20:07:29	Warning: 	Moved Permanently for www.niyati.com/blog/2012/07/02/real-estate-logo-design/553 http://www.niyati.com/blog/?p=553
20:07:29	Warning: 	File has moved from www.niyati.com/blog/2012/07/02/real-estate-logo-design/553 http://www.niyati.com/blog/?p=553 to http://www.niyati.com/blog/2012/07/02/real-estate-logo-design/
20:11:35	Warning: 	Retry after error -2 (Receive Time Out) at link www.niyati.com/upload/website/large_20.jpg (from www.niyati.com/website-portfolio/87/startup-buddy)
20:11:57	Error: 	"Not Found" (404) at link www.niyati.com/blog/wp-content/themes/images/foot-bg.gif (from www.niyati.com/blog/wp-content/themes/niyatiblog/style.css)
20:11:57	Error: 	"Not Found" (404) at link www.niyati.com/blog/2016/02/18/ecommerce-website/opr/ (from w.sharethis.com/button/buttons.js)
20:11:57	Error: 	"Not Found" (404) at link www.niyati.com/blog/2016/02/18/ecommerce-website/AcroPDF.PDF (from w.sharethis.com/button/buttons.js)
20:11:57	Error: 	"Not Found" (404) at link www.niyati.com/blog/2016/02/18/ecommerce-website/buttons.js (from w.sharethis.com/button/buttons.js)
20:15:19	Warning: 	Moved Permanently for www.niyati.com/blog/?p=693
20:15:19	Warning: 	File has moved from www.niyati.com/blog/?p=693 to http://www.niyati.com/blog/2012/09/20/small-business-web-design/
20:15:19	Warning: 	Moved Permanently for www.niyati.com/blog/2012/09/20/small-business-web-design/693 http://www.niyati.com/blog/?p=693
20:15:19	Warning: 	File has moved from www.niyati.com/blog/2012/09/20/small-business-web-design/693 http://www.niyati.com/blog/?p=693 to http://www.niyati.com/blog/2012/09/20/small-business-web-design/
20:15:55	Warning: 	Moved Permanently for www.niyati.com/blog/?p=421
20:15:55	Warning: 	File has moved from www.niyati.com/blog/?p=421 to http://www.niyati.com/blog/2012/05/13/web-design-yamaha-music/
20:16:40	Warning: 	Moved Permanently for www.niyati.com/blog/2012/05/13/web-design-yamaha-music/421 http://www.niyati.com/blog/?p=421
20:16:40	Warning: 	File has moved from www.niyati.com/blog/2012/05/13/web-design-yamaha-music/421 http://www.niyati.com/blog/?p=421 to http://www.niyati.com/blog/2012/05/13/web-design-yamaha-music/
20:17:02	Warning: 	Moved Permanently for www.niyati.com/blog/?p=586
20:17:02	Warning: 	File has moved from www.niyati.com/blog/?p=586 to http://www.niyati.com/blog/2012/08/24/web-design-cost/
20:17:24	Warning: 	Moved Permanently for www.niyati.com/blog/2012/08/24/web-design-cost/586 http://www.niyati.com/blog/?p=586
20:17:24	Warning: 	File has moved from www.niyati.com/blog/2012/08/24/web-design-cost/586 http://www.niyati.com/blog/?p=586 to http://www.niyati.com/blog/2012/08/24/web-design-cost/
20:17:45	Warning: 	Moved Permanently for www.niyati.com/blog/?p=1319
20:17:45	Warning: 	File has moved from www.niyati.com/blog/?p=1319 to http://www.niyati.com/blog/2013/10/30/marketing-hotel-online/
20:18:39	Warning: 	Moved Permanently for www.niyati.com/blog/2013/10/30/marketing-hotel-online/1319 http://www.niyati.com/blog/?p=1319
20:18:39	Warning: 	File has moved from www.niyati.com/blog/2013/10/30/marketing-hotel-online/1319 http://www.niyati.com/blog/?p=1319 to http://www.niyati.com/blog/2013/10/30/marketing-hotel-online/
20:18:39	Warning: 	Moved Permanently for www.niyati.com/blog/?p=1574
20:18:39	Warning: 	File has moved from www.niyati.com/blog/?p=1574 to http://www.niyati.com/blog/2015/08/31/mobile-app-development-costs/
20:19:34	Warning: 	Moved Permanently for www.niyati.com/blog/2015/08/31/mobile-app-development-costs/1574 http://www.niyati.com/blog/?p=1574
20:19:34	Warning: 	File has moved from www.niyati.com/blog/2015/08/31/mobile-app-development-costs/1574 http://www.niyati.com/blog/?p=1574 to http://www.niyati.com/blog/2015/08/31/mobile-app-development-costs/
20:19:34	Warning: 	Moved Permanently for www.niyati.com/blog/?p=1563
20:19:34	Warning: 	File has moved from www.niyati.com/blog/?p=1563 to http://www.niyati.com/blog/2015/03/25/healthcare-website-design/
20:20:05	Warning: 	Moved Permanently for www.niyati.com/blog/2015/03/25/healthcare-website-design/1563 http://www.niyati.com/blog/?p=1563
20:20:05	Warning: 	File has moved from www.niyati.com/blog/2015/03/25/healthcare-website-design/1563 http://www.niyati.com/blog/?p=1563 to http://www.niyati.com/blog/2015/03/25/healthcare-website-design/
20:21:19	Warning: 	Link www.niyati.com/blog/2014/06/25/a-head-start-to-headstart/ not scanned (follow robots meta tag)
20:30:05	Warning: 	Moved Permanently for www.niyati.com/blog/?p=769
20:30:05	Warning: 	File has moved from www.niyati.com/blog/?p=769 to http://www.niyati.com/blog/2012/09/22/saturday-learning-at-niyati/
20:30:05	Warning: 	Moved Permanently for www.niyati.com/blog/2012/09/22/saturday-learning-at-niyati/769 http://www.niyati.com/blog/?p=769
20:30:05	Warning: 	File has moved from www.niyati.com/blog/2012/09/22/saturday-learning-at-niyati/769 http://www.niyati.com/blog/?p=769 to http://www.niyati.com/blog/2012/09/22/saturday-learning-at-niyati/
20:30:05	Warning: 	Moved Permanently for www.niyati.com/blog/?p=883
20:30:05	Warning: 	File has moved from www.niyati.com/blog/?p=883 to http://www.niyati.com/blog/2012/12/18/online-business-2013/
20:30:05	Warning: 	Moved Permanently for www.niyati.com/blog/2012/12/18/online-business-2013/883 http://www.niyati.com/blog/?p=883
20:30:05	Warning: 	File has moved from www.niyati.com/blog/2012/12/18/online-business-2013/883 http://www.niyati.com/blog/?p=883 to http://www.niyati.com/blog/2012/12/18/online-business-2013/
20:30:05	Warning: 	Moved Permanently for www.niyati.com/blog/?p=1338
20:30:05	Warning: 	File has moved from www.niyati.com/blog/?p=1338 to http://www.niyati.com/blog/2013/11/12/corporate-website-design-services/
20:30:05	Warning: 	Moved Permanently for www.niyati.com/blog/2013/11/12/corporate-website-design-services/1338 http://www.niyati.com/blog/?p=1338
20:30:05	Warning: 	File has moved from www.niyati.com/blog/2013/11/12/corporate-website-design-services/1338 http://www.niyati.com/blog/?p=1338 to http://www.niyati.com/blog/2013/11/12/corporate-website-design-services/
20:30:05	Warning: 	Moved Permanently for www.niyati.com/blog/?p=15
20:30:05	Warning: 	File has moved from www.niyati.com/blog/?p=15 to http://www.niyati.com/blog/2011/05/19/home-inspection-website-design/
20:30:05	Warning: 	Moved Permanently for www.niyati.com/blog/2011/05/19/home-inspection-website-design/15 http://www.niyati.com/blog/?p=15
20:30:05	Warning: 	File has moved from www.niyati.com/blog/2011/05/19/home-inspection-website-design/15 http://www.niyati.com/blog/?p=15 to http://www.niyati.com/blog/2011/05/19/home-inspection-website-design/
20:30:05	Warning: 	Moved Permanently for www.niyati.com/blog/?p=22
20:30:05	Warning: 	File has moved from www.niyati.com/blog/?p=22 to http://www.niyati.com/blog/2010/11/04/moveourstuff-com-goes-social/
20:30:25	Warning: 	Moved Permanently for www.niyati.com/blog/2010/11/04/moveourstuff-com-goes-social/22 http://www.niyati.com/blog/?p=22
20:30:25	Warning: 	File has moved from www.niyati.com/blog/2010/11/04/moveourstuff-com-goes-social/22 http://www.niyati.com/blog/?p=22 to http://www.niyati.com/blog/2010/11/04/moveourstuff-com-goes-social/
20:31:39	Warning: 	Moved Permanently for www.niyati.com/blog/?p=1477
20:31:39	Warning: 	File has moved from www.niyati.com/blog/?p=1477 to http://www.niyati.com/blog/2014/04/21/ios-app-developers-chennai/
20:31:39	Warning: 	Moved Permanently for www.niyati.com/blog/2014/04/21/ios-app-developers-chennai/1477 http://www.niyati.com/blog/?p=1477
20:31:39	Warning: 	File has moved from www.niyati.com/blog/2014/04/21/ios-app-developers-chennai/1477 http://www.niyati.com/blog/?p=1477 to http://www.niyati.com/blog/2014/04/21/ios-app-developers-chennai/
20:31:39	Warning: 	Moved Permanently for www.niyati.com/blog/?p=246
20:31:39	Warning: 	File has moved from www.niyati.com/blog/?p=246 to http://www.niyati.com/blog/2012/03/15/logo-design-for-cooksense/
20:31:39	Warning: 	Moved Permanently for www.niyati.com/blog/2012/03/15/logo-design-for-cooksense/246 http://www.niyati.com/blog/?p=246
20:31:39	Warning: 	File has moved from www.niyati.com/blog/2012/03/15/logo-design-for-cooksense/246 http://www.niyati.com/blog/?p=246 to http://www.niyati.com/blog/2012/03/15/logo-design-for-cooksense/
20:31:39	Warning: 	Moved Permanently for www.niyati.com/blog/?p=794
20:31:39	Warning: 	File has moved from www.niyati.com/blog/?p=794 to http://www.niyati.com/blog/2012/11/08/artist-website-design/
20:31:39	Warning: 	Moved Permanently for www.niyati.com/blog/2012/11/08/artist-website-design/794 http://www.niyati.com/blog/?p=794
20:31:39	Warning: 	File has moved from www.niyati.com/blog/2012/11/08/artist-website-design/794 http://www.niyati.com/blog/?p=794 to http://www.niyati.com/blog/2012/11/08/artist-website-design/
20:31:39	Warning: 	Moved Permanently for www.niyati.com/blog/?p=474
20:31:39	Warning: 	File has moved from www.niyati.com/blog/?p=474 to http://www.niyati.com/blog/2012/05/30/logo-design-home-decor/
20:31:39	Warning: 	Moved Permanently for www.niyati.com/blog/2012/05/30/logo-design-home-decor/474 http://www.niyati.com/blog/?p=474
20:31:39	Warning: 	File has moved from www.niyati.com/blog/2012/05/30/logo-design-home-decor/474 http://www.niyati.com/blog/?p=474 to http://www.niyati.com/blog/2012/05/30/logo-design-home-decor/
20:31:39	Warning: 	Moved Permanently for www.niyati.com/blog/?p=233
20:31:39	Warning: 	File has moved from www.niyati.com/blog/?p=233 to http://www.niyati.com/blog/2012/02/27/corporate-website-design-for-megatech-control/
20:31:39	Warning: 	Moved Permanently for www.niyati.com/blog/2012/02/27/corporate-website-design-for-megatech-control/233 http://www.niyati.com/blog/?p=233
20:31:39	Warning: 	File has moved from www.niyati.com/blog/2012/02/27/corporate-website-design-for-megatech-control/233 http://www.niyati.com/blog/?p=233 to http://www.niyati.com/blog/2012/02/27/corporate-website-design-for-megatech-control/
20:31:40	Warning: 	Moved Permanently for www.niyati.com/blog/?p=545
20:31:40	Warning: 	File has moved from www.niyati.com/blog/?p=545 to http://www.niyati.com/blog/2012/06/29/web-design-hospitality-services/
20:31:40	Warning: 	Moved Permanently for www.niyati.com/blog/2012/06/29/web-design-hospitality-services/545 http://www.niyati.com/blog/?p=545
20:31:40	Warning: 	File has moved from www.niyati.com/blog/2012/06/29/web-design-hospitality-services/545 http://www.niyati.com/blog/?p=545 to http://www.niyati.com/blog/2012/06/29/web-design-hospitality-services/
20:31:40	Warning: 	Moved Permanently for www.niyati.com/blog/?p=574
20:31:40	Warning: 	File has moved from www.niyati.com/blog/?p=574 to http://www.niyati.com/blog/2012/07/29/web-design-biotech-company/
20:31:40	Warning: 	Moved Permanently for www.niyati.com/blog/2012/07/29/web-design-biotech-company/574 http://www.niyati.com/blog/?p=574
20:31:40	Warning: 	File has moved from www.niyati.com/blog/2012/07/29/web-design-biotech-company/574 http://www.niyati.com/blog/?p=574 to http://www.niyati.com/blog/2012/07/29/web-design-biotech-company/
20:31:40	Warning: 	Moved Permanently for www.niyati.com/blog/?p=488
20:31:40	Warning: 	File has moved from www.niyati.com/blog/?p=488 to http://www.niyati.com/blog/2012/06/02/naming-branding-beauty-brand/
20:32:00	Warning: 	Moved Permanently for www.niyati.com/blog/2012/06/02/naming-branding-beauty-brand/488 http://www.niyati.com/blog/?p=488
20:32:00	Warning: 	File has moved from www.niyati.com/blog/2012/06/02/naming-branding-beauty-brand/488 http://www.niyati.com/blog/?p=488 to http://www.niyati.com/blog/2012/06/02/naming-branding-beauty-brand/
20:32:17	Warning: 	Moved Permanently for www.niyati.com/blog/?p=978
20:32:17	Warning: 	File has moved from www.niyati.com/blog/?p=978 to http://www.niyati.com/blog/2013/01/31/content-writing-strategies/
20:32:17	Warning: 	Moved Permanently for www.niyati.com/blog/2013/01/31/content-writing-strategies/978 http://www.niyati.com/blog/?p=978
20:32:17	Warning: 	File has moved from www.niyati.com/blog/2013/01/31/content-writing-strategies/978 http://www.niyati.com/blog/?p=978 to http://www.niyati.com/blog/2013/01/31/content-writing-strategies/
20:32:17	Warning: 	Moved Permanently for www.niyati.com/blog/?p=929
20:32:17	Warning: 	File has moved from www.niyati.com/blog/?p=929 to http://www.niyati.com/blog/2013/01/08/writing-for-the-web/
20:32:17	Warning: 	Moved Permanently for www.niyati.com/blog/2013/01/08/writing-for-the-web/929 http://www.niyati.com/blog/?p=929
20:32:17	Warning: 	File has moved from www.niyati.com/blog/2013/01/08/writing-for-the-web/929 http://www.niyati.com/blog/?p=929 to http://www.niyati.com/blog/2013/01/08/writing-for-the-web/
20:32:17	Warning: 	Moved Permanently for www.niyati.com/blog/?p=869
20:32:17	Warning: 	File has moved from www.niyati.com/blog/?p=869 to http://www.niyati.com/blog/2012/12/14/telephone-communication/
20:32:17	Warning: 	Moved Permanently for www.niyati.com/blog/2012/12/14/telephone-communication/869 http://www.niyati.com/blog/?p=869
20:32:17	Warning: 	File has moved from www.niyati.com/blog/2012/12/14/telephone-communication/869 http://www.niyati.com/blog/?p=869 to http://www.niyati.com/blog/2012/12/14/telephone-communication/
20:32:17	Warning: 	Moved Permanently for www.niyati.com/blog/?p=317
20:32:17	Warning: 	File has moved from www.niyati.com/blog/?p=317 to http://www.niyati.com/blog/2012/04/20/improvingbusiness-relations/
20:32:17	Warning: 	Moved Permanently for www.niyati.com/blog/2012/04/20/improvingbusiness-relations/317 http://www.niyati.com/blog/?p=317
20:32:17	Warning: 	File has moved from www.niyati.com/blog/2012/04/20/improvingbusiness-relations/317 http://www.niyati.com/blog/?p=317 to http://www.niyati.com/blog/2012/04/20/improvingbusiness-relations/
20:32:17	Warning: 	Moved Permanently for www.niyati.com/blog/?p=8
20:32:17	Warning: 	File has moved from www.niyati.com/blog/?p=8 to http://www.niyati.com/blog/2011/10/14/these-people-need-help/
20:32:17	Warning: 	Moved Permanently for www.niyati.com/blog/2011/10/14/these-people-need-help/8 http://www.niyati.com/blog/?p=8
20:32:17	Warning: 	File has moved from www.niyati.com/blog/2011/10/14/these-people-need-help/8 http://www.niyati.com/blog/?p=8 to http://www.niyati.com/blog/2011/10/14/these-people-need-help/
20:32:17	Warning: 	Moved Permanently for www.niyati.com/blog/?p=9
20:32:17	Warning: 	File has moved from www.niyati.com/blog/?p=9 to http://www.niyati.com/blog/2011/10/04/glorious-durga/
20:32:17	Warning: 	Moved Permanently for www.niyati.com/blog/2011/10/04/glorious-durga/9 http://www.niyati.com/blog/?p=9
20:32:17	Warning: 	File has moved from www.niyati.com/blog/2011/10/04/glorious-durga/9 http://www.niyati.com/blog/?p=9 to http://www.niyati.com/blog/2011/10/04/glorious-durga/
20:32:17	Warning: 	Moved Permanently for www.niyati.com/blog/?p=10
20:32:17	Warning: 	File has moved from www.niyati.com/blog/?p=10 to http://www.niyati.com/blog/2011/09/01/another-year-another-milestone/
20:32:32	Warning: 	Moved Permanently for www.niyati.com/blog/2011/09/01/another-year-another-milestone/10 http://www.niyati.com/blog/?p=10
20:32:32	Warning: 	File has moved from www.niyati.com/blog/2011/09/01/another-year-another-milestone/10 http://www.niyati.com/blog/?p=10 to http://www.niyati.com/blog/2011/09/01/another-year-another-milestone/
20:32:32	Warning: 	Moved Permanently for www.niyati.com/blog/?p=14
20:32:32	Warning: 	File has moved from www.niyati.com/blog/?p=14 to http://www.niyati.com/blog/2011/06/08/come-join-the-cloud/
20:32:36	Warning: 	Moved Permanently for www.niyati.com/blog/2011/06/08/come-join-the-cloud/14 http://www.niyati.com/blog/?p=14
20:32:36	Warning: 	File has moved from www.niyati.com/blog/2011/06/08/come-join-the-cloud/14 http://www.niyati.com/blog/?p=14 to http://www.niyati.com/blog/2011/06/08/come-join-the-cloud/
20:32:36	Warning: 	Moved Permanently for www.niyati.com/blog/?p=16
20:32:36	Warning: 	File has moved from www.niyati.com/blog/?p=16 to http://www.niyati.com/blog/2011/04/21/j-for-jatropha/
20:32:46	Warning: 	Moved Permanently for www.niyati.com/blog/2011/04/21/j-for-jatropha/16 http://www.niyati.com/blog/?p=16
20:32:46	Warning: 	File has moved from www.niyati.com/blog/2011/04/21/j-for-jatropha/16 http://www.niyati.com/blog/?p=16 to http://www.niyati.com/blog/2011/04/21/j-for-jatropha/
20:32:46	Warning: 	Moved Permanently for www.niyati.com/blog/?p=680
20:32:46	Warning: 	File has moved from www.niyati.com/blog/?p=680 to http://www.niyati.com/blog/2012/09/18/renewable-energy-web-design/
20:32:46	Warning: 	Moved Permanently for www.niyati.com/blog/2012/09/18/renewable-energy-web-design/680 http://www.niyati.com/blog/?p=680
20:32:46	Warning: 	File has moved from www.niyati.com/blog/2012/09/18/renewable-energy-web-design/680 http://www.niyati.com/blog/?p=680 to http://www.niyati.com/blog/2012/09/18/renewable-energy-web-design/
20:32:46	Warning: 	Moved Permanently for www.niyati.com/blog/?p=353
20:32:46	Warning: 	File has moved from www.niyati.com/blog/?p=353 to http://www.niyati.com/blog/2012/04/25/google-webmasters-page-title-error/
20:32:46	Warning: 	Moved Permanently for www.niyati.com/blog/2012/04/25/google-webmasters-page-title-error/353 http://www.niyati.com/blog/?p=353
20:32:46	Warning: 	File has moved from www.niyati.com/blog/2012/04/25/google-webmasters-page-title-error/353 http://www.niyati.com/blog/?p=353 to http://www.niyati.com/blog/2012/04/25/google-webmasters-page-title-error/
20:32:46	Warning: 	Moved Permanently for www.niyati.com/blog/?p=436
20:32:46	Warning: 	File has moved from www.niyati.com/blog/?p=436 to http://www.niyati.com/blog/2012/05/23/openings-for-php/
20:32:46	Warning: 	Moved Permanently for www.niyati.com/blog/2012/05/23/openings-for-php/436 http://www.niyati.com/blog/?p=436
20:32:46	Warning: 	File has moved from www.niyati.com/blog/2012/05/23/openings-for-php/436 http://www.niyati.com/blog/?p=436 to http://www.niyati.com/blog/2012/05/23/openings-for-php/
20:32:46	Warning: 	Moved Permanently for www.niyati.com/blog/?p=897
20:32:46	Warning: 	File has moved from www.niyati.com/blog/?p=897 to http://www.niyati.com/blog/2012/12/27/website-design-hr-services/
20:32:46	Warning: 	Moved Permanently for www.niyati.com/blog/2012/12/27/website-design-hr-services/897 http://www.niyati.com/blog/?p=897
20:32:46	Warning: 	File has moved from www.niyati.com/blog/2012/12/27/website-design-hr-services/897 http://www.niyati.com/blog/?p=897 to http://www.niyati.com/blog/2012/12/27/website-design-hr-services/
20:32:46	Warning: 	Moved Permanently for www.niyati.com/blog/?p=1123
20:32:46	Warning: 	File has moved from www.niyati.com/blog/?p=1123 to http://www.niyati.com/blog/2013/06/03/responsive-website-design/
20:32:46	Warning: 	Moved Permanently for www.niyati.com/blog/2013/06/03/responsive-website-design/1123 http://www.niyati.com/blog/?p=1123
20:32:46	Warning: 	File has moved from www.niyati.com/blog/2013/06/03/responsive-website-design/1123 http://www.niyati.com/blog/?p=1123 to http://www.niyati.com/blog/2013/06/03/responsive-website-design/
20:32:46	Warning: 	Moved Permanently for www.niyati.com/blog/?p=605
20:32:46	Warning: 	File has moved from www.niyati.com/blog/?p=605 to http://www.niyati.com/blog/2012/09/10/google-ranking-websites/
20:32:46	Warning: 	Moved Permanently for www.niyati.com/blog/2012/09/10/google-ranking-websites/605 http://www.niyati.com/blog/?p=605
20:32:46	Warning: 	File has moved from www.niyati.com/blog/2012/09/10/google-ranking-websites/605 http://www.niyati.com/blog/?p=605 to http://www.niyati.com/blog/2012/09/10/google-ranking-websites/
20:32:46	Warning: 	Moved Permanently for www.niyati.com/blog/?p=205
20:32:46	Warning: 	File has moved from www.niyati.com/blog/?p=205 to http://www.niyati.com/blog/2012/02/24/wordpress-blog-customization/
20:32:46	Warning: 	Moved Permanently for www.niyati.com/blog/2012/02/24/wordpress-blog-customization/205 http://www.niyati.com/blog/?p=205
20:32:46	Warning: 	File has moved from www.niyati.com/blog/2012/02/24/wordpress-blog-customization/205 http://www.niyati.com/blog/?p=205 to http://www.niyati.com/blog/2012/02/24/wordpress-blog-customization/
20:32:46	Warning: 	Moved Permanently for www.niyati.com/blog/?p=1267
20:32:46	Warning: 	File has moved from www.niyati.com/blog/?p=1267 to http://www.niyati.com/blog/2013/09/02/tips-to-get-website-indexed/
20:32:46	Warning: 	Moved Permanently for www.niyati.com/blog/2013/09/02/tips-to-get-website-indexed/1267 http://www.niyati.com/blog/?p=1267
20:32:46	Warning: 	File has moved from www.niyati.com/blog/2013/09/02/tips-to-get-website-indexed/1267 http://www.niyati.com/blog/?p=1267 to http://www.niyati.com/blog/2013/09/02/tips-to-get-website-indexed/
20:32:46	Warning: 	Moved Permanently for www.niyati.com/blog/?p=76
20:32:46	Warning: 	File has moved from www.niyati.com/blog/?p=76 to http://www.niyati.com/blog/2012/02/11/5-things-i-would-like-to-see-on-inbound-org/
20:32:46	Warning: 	Moved Permanently for www.niyati.com/blog/2012/02/11/5-things-i-would-like-to-see-on-inbound-org/76 http://www.niyati.com/blog/?p=76
20:32:46	Warning: 	File has moved from www.niyati.com/blog/2012/02/11/5-things-i-would-like-to-see-on-inbound-org/76 http://www.niyati.com/blog/?p=76 to http://www.niyati.com/blog/2012/02/11/5-things-i-would-like-to-see-on-inbound-org/
20:32:46	Warning: 	Moved Permanently for www.niyati.com/blog/?p=7
20:32:46	Warning: 	File has moved from www.niyati.com/blog/?p=7 to http://www.niyati.com/blog/2012/01/04/making-best-use-of-designer-qr-codes/
20:33:04	Warning: 	Moved Permanently for www.niyati.com/blog/2012/01/04/making-best-use-of-designer-qr-codes/7 http://www.niyati.com/blog/?p=7
20:33:04	Warning: 	File has moved from www.niyati.com/blog/2012/01/04/making-best-use-of-designer-qr-codes/7 http://www.niyati.com/blog/?p=7 to http://www.niyati.com/blog/2012/01/04/making-best-use-of-designer-qr-codes/
20:33:04	Warning: 	Moved Permanently for www.niyati.com/blog/?p=1537
20:33:04	Warning: 	File has moved from www.niyati.com/blog/?p=1537 to http://www.niyati.com/blog/2014/10/22/contact-management-app/
20:33:04	Warning: 	Moved Permanently for www.niyati.com/blog/2014/10/22/contact-management-app/1537 http://www.niyati.com/blog/?p=1537
20:33:04	Warning: 	File has moved from www.niyati.com/blog/2014/10/22/contact-management-app/1537 http://www.niyati.com/blog/?p=1537 to http://www.niyati.com/blog/2014/10/22/contact-management-app/
20:33:04	Warning: 	Moved Permanently for www.niyati.com/blog/?p=840
20:33:04	Warning: 	File has moved from www.niyati.com/blog/?p=840 to http://www.niyati.com/blog/2012/11/23/corporate-website-design/
20:33:04	Warning: 	Moved Permanently for www.niyati.com/blog/2012/11/23/corporate-website-design/840 http://www.niyati.com/blog/?p=840
20:33:04	Warning: 	File has moved from www.niyati.com/blog/2012/11/23/corporate-website-design/840 http://www.niyati.com/blog/?p=840 to http://www.niyati.com/blog/2012/11/23/corporate-website-design/
20:33:04	Warning: 	Moved Permanently for www.niyati.com/blog/?p=666
20:33:04	Warning: 	File has moved from www.niyati.com/blog/?p=666 to http://www.niyati.com/blog/2012/09/17/dental-website-design/
20:33:04	Warning: 	Moved Permanently for www.niyati.com/blog/2012/09/17/dental-website-design/666 http://www.niyati.com/blog/?p=666
20:33:04	Warning: 	File has moved from www.niyati.com/blog/2012/09/17/dental-website-design/666 http://www.niyati.com/blog/?p=666 to http://www.niyati.com/blog/2012/09/17/dental-website-design/
20:33:04	Warning: 	Moved Permanently for www.niyati.com/blog/?p=1212
20:33:04	Warning: 	File has moved from www.niyati.com/blog/?p=1212 to http://www.niyati.com/blog/2013/08/02/website-design-for-a-real-estate-builder/
20:33:04	Warning: 	Moved Permanently for www.niyati.com/blog/2013/08/02/website-design-for-a-real-estate-builder/1212 http://www.niyati.com/blog/?p=1212
20:33:04	Warning: 	File has moved from www.niyati.com/blog/2013/08/02/website-design-for-a-real-estate-builder/1212 http://www.niyati.com/blog/?p=1212 to http://www.niyati.com/blog/2013/08/02/website-design-for-a-real-estate-builder/
20:33:04	Warning: 	Moved Permanently for www.niyati.com/blog/?p=11
20:33:04	Warning: 	File has moved from www.niyati.com/blog/?p=11 to http://www.niyati.com/blog/2011/08/11/college-website-design/
20:33:04	Warning: 	Moved Permanently for www.niyati.com/blog/2011/08/11/college-website-design/11 http://www.niyati.com/blog/?p=11
20:33:04	Warning: 	File has moved from www.niyati.com/blog/2011/08/11/college-website-design/11 http://www.niyati.com/blog/?p=11 to http://www.niyati.com/blog/2011/08/11/college-website-design/
20:33:04	Warning: 	Moved Permanently for www.niyati.com/blog/?p=1236
20:33:04	Warning: 	File has moved from www.niyati.com/blog/?p=1236 to http://www.niyati.com/blog/2013/08/16/useful-wordpress-plugins/
20:33:04	Warning: 	Moved Permanently for www.niyati.com/blog/2013/08/16/useful-wordpress-plugins/1236 http://www.niyati.com/blog/?p=1236
20:33:04	Warning: 	File has moved from www.niyati.com/blog/2013/08/16/useful-wordpress-plugins/1236 http://www.niyati.com/blog/?p=1236 to http://www.niyati.com/blog/2013/08/16/useful-wordpress-plugins/
20:33:04	Warning: 	Moved Permanently for www.niyati.com/blog/?p=1194
20:33:04	Warning: 	File has moved from www.niyati.com/blog/?p=1194 to http://www.niyati.com/blog/2013/07/29/digital-roundup-july-22-27-2013/
20:33:04	Warning: 	Moved Permanently for www.niyati.com/blog/2013/07/29/digital-roundup-july-22-27-2013/1194 http://www.niyati.com/blog/?p=1194
20:33:04	Warning: 	File has moved from www.niyati.com/blog/2013/07/29/digital-roundup-july-22-27-2013/1194 http://www.niyati.com/blog/?p=1194 to http://www.niyati.com/blog/2013/07/29/digital-roundup-july-22-27-2013/
20:33:04	Warning: 	Moved Permanently for www.niyati.com/blog/?p=505
20:33:04	Warning: 	File has moved from www.niyati.com/blog/?p=505 to http://www.niyati.com/blog/2012/06/04/gandhi-quotes/
20:33:04	Warning: 	Moved Permanently for www.niyati.com/blog/2012/06/04/gandhi-quotes/505 http://www.niyati.com/blog/?p=505
20:33:04	Warning: 	File has moved from www.niyati.com/blog/2012/06/04/gandhi-quotes/505 http://www.niyati.com/blog/?p=505 to http://www.niyati.com/blog/2012/06/04/gandhi-quotes/
20:33:04	Warning: 	Moved Permanently for www.niyati.com/blog/?p=283
20:33:04	Warning: 	File has moved from www.niyati.com/blog/?p=283 to http://www.niyati.com/blog/2012/03/31/quote-1-mahatma-gandhi/
20:33:04	Warning: 	Moved Permanently for www.niyati.com/blog/2012/03/31/quote-1-mahatma-gandhi/283 http://www.niyati.com/blog/?p=283
20:33:04	Warning: 	File has moved from www.niyati.com/blog/2012/03/31/quote-1-mahatma-gandhi/283 http://www.niyati.com/blog/?p=283 to http://www.niyati.com/blog/2012/03/31/quote-1-mahatma-gandhi/
20:33:04	Warning: 	Moved Permanently for www.niyati.com/blog/?p=1513
20:33:04	Warning: 	File has moved from www.niyati.com/blog/?p=1513 to http://www.niyati.com/blog/2014/06/25/a-head-start-to-headstart/
20:33:04	Warning: 	Moved Permanently for www.niyati.com/blog/?p=959
20:33:04	Warning: 	File has moved from www.niyati.com/blog/?p=959 to http://www.niyati.com/blog/2013/01/28/whiteboard-animation/
20:33:04	Warning: 	Moved Permanently for www.niyati.com/blog/2013/01/28/whiteboard-animation/959 http://www.niyati.com/blog/?p=959
20:33:04	Warning: 	File has moved from www.niyati.com/blog/2013/01/28/whiteboard-animation/959 http://www.niyati.com/blog/?p=959 to http://www.niyati.com/blog/2013/01/28/whiteboard-animation/
20:33:04	Warning: 	Moved Permanently for www.niyati.com/blog/?p=272
20:33:04	Warning: 	File has moved from www.niyati.com/blog/?p=272 to http://www.niyati.com/blog/2012/03/20/multimedia-demo/
20:33:04	Warning: 	Moved Permanently for www.niyati.com/blog/2012/03/20/multimedia-demo/272 http://www.niyati.com/blog/?p=272
20:33:04	Warning: 	File has moved from www.niyati.com/blog/2012/03/20/multimedia-demo/272 http://www.niyati.com/blog/?p=272 to http://www.niyati.com/blog/2012/03/20/multimedia-demo/
20:33:04	Warning: 	Moved Permanently for www.niyati.com/blog/?p=95
20:33:04	Warning: 	File has moved from www.niyati.com/blog/?p=95 to http://www.niyati.com/blog/2012/02/13/converting-a-personal-fb-account-to-business-account/
20:33:04	Warning: 	Moved Permanently for www.niyati.com/blog/2012/02/13/converting-a-personal-fb-account-to-business-account/95 http://www.niyati.com/blog/?p=95
20:33:04	Warning: 	File has moved from www.niyati.com/blog/2012/02/13/converting-a-personal-fb-account-to-business-account/95 http://www.niyati.com/blog/?p=95 to http://www.niyati.com/blog/2012/02/13/converting-a-personal-fb-account-to-business-account/
20:33:04	Warning: 	Moved Permanently for www.niyati.com/blog/?p=346
20:33:04	Warning: 	File has moved from www.niyati.com/blog/?p=346 to http://www.niyati.com/blog/2012/04/24/how-does-google-search-work/
20:33:04	Warning: 	Moved Permanently for www.niyati.com/blog/2012/04/24/how-does-google-search-work/346 http://www.niyati.com/blog/?p=346
20:33:04	Warning: 	File has moved from www.niyati.com/blog/2012/04/24/how-does-google-search-work/346 http://www.niyati.com/blog/?p=346 to http://www.niyati.com/blog/2012/04/24/how-does-google-search-work/
20:33:04	Warning: 	Moved Permanently for www.niyati.com/blog/?p=1499
20:33:04	Warning: 	File has moved from www.niyati.com/blog/?p=1499 to http://www.niyati.com/blog/2014/05/08/cafe-website-design/
20:33:04	Warning: 	Moved Permanently for www.niyati.com/blog/2014/05/08/cafe-website-design/1499 http://www.niyati.com/blog/?p=1499
20:33:04	Warning: 	File has moved from www.niyati.com/blog/2014/05/08/cafe-website-design/1499 http://www.niyati.com/blog/?p=1499 to http://www.niyati.com/blog/2014/05/08/cafe-website-design/
20:33:17	Warning: 	Moved Permanently for www.niyati.com/blog/?p=1223
20:33:17	Warning: 	File has moved from www.niyati.com/blog/?p=1223 to http://www.niyati.com/blog/2013/08/14/car-dealer-website-design/
20:33:17	Warning: 	Moved Permanently for www.niyati.com/blog/2013/08/14/car-dealer-website-design/1223 http://www.niyati.com/blog/?p=1223
20:33:17	Warning: 	File has moved from www.niyati.com/blog/2013/08/14/car-dealer-website-design/1223 http://www.niyati.com/blog/?p=1223 to http://www.niyati.com/blog/2013/08/14/car-dealer-website-design/
20:33:17	Warning: 	Moved Permanently for www.niyati.com/blog/?p=1169
20:33:17	Warning: 	File has moved from www.niyati.com/blog/?p=1169 to http://www.niyati.com/blog/2013/07/22/web-application-security/
20:33:17	Warning: 	Moved Permanently for www.niyati.com/blog/2013/07/22/web-application-security/1169 http://www.niyati.com/blog/?p=1169
20:33:17	Warning: 	File has moved from www.niyati.com/blog/2013/07/22/web-application-security/1169 http://www.niyati.com/blog/?p=1169 to http://www.niyati.com/blog/2013/07/22/web-application-security/
20:33:17	Warning: 	Moved Permanently for www.niyati.com/blog/?p=1092
20:33:17	Warning: 	File has moved from www.niyati.com/blog/?p=1092 to http://www.niyati.com/blog/2013/04/23/event-website-design/
20:33:17	Warning: 	Moved Permanently for www.niyati.com/blog/2013/04/23/event-website-design/1092 http://www.niyati.com/blog/?p=1092
20:33:17	Warning: 	File has moved from www.niyati.com/blog/2013/04/23/event-website-design/1092 http://www.niyati.com/blog/?p=1092 to http://www.niyati.com/blog/2013/04/23/event-website-design/
20:33:17	Warning: 	Moved Permanently for www.niyati.com/blog/?p=1080
20:33:17	Warning: 	File has moved from www.niyati.com/blog/?p=1080 to http://www.niyati.com/blog/2013/03/21/website-design/
20:33:17	Warning: 	Moved Permanently for www.niyati.com/blog/2013/03/21/website-design/1080 http://www.niyati.com/blog/?p=1080
20:33:17	Warning: 	File has moved from www.niyati.com/blog/2013/03/21/website-design/1080 http://www.niyati.com/blog/?p=1080 to http://www.niyati.com/blog/2013/03/21/website-design/
20:33:17	Warning: 	Moved Permanently for www.niyati.com/blog/?p=907
20:33:17	Warning: 	File has moved from www.niyati.com/blog/?p=907 to http://www.niyati.com/blog/2013/01/05/greeting-card-portal-design/
20:33:17	Warning: 	Moved Permanently for www.niyati.com/blog/2013/01/05/greeting-card-portal-design/907 http://www.niyati.com/blog/?p=907
20:33:17	Warning: 	File has moved from www.niyati.com/blog/2013/01/05/greeting-card-portal-design/907 http://www.niyati.com/blog/?p=907 to http://www.niyati.com/blog/2013/01/05/greeting-card-portal-design/
20:33:17	Warning: 	Moved Permanently for www.niyati.com/blog/?p=13
20:33:17	Warning: 	File has moved from www.niyati.com/blog/?p=13 to http://www.niyati.com/blog/2011/06/09/adding-tweet-this-in-your-emailer/
20:33:17	Warning: 	Moved Permanently for www.niyati.com/blog/2011/06/09/adding-tweet-this-in-your-emailer/13 http://www.niyati.com/blog/?p=13
20:33:17	Warning: 	File has moved from www.niyati.com/blog/2011/06/09/adding-tweet-this-in-your-emailer/13 http://www.niyati.com/blog/?p=13 to http://www.niyati.com/blog/2011/06/09/adding-tweet-this-in-your-emailer/
20:33:26	Warning: 	Moved Permanently for www.niyati.com/blog/?p=298
20:33:26	Warning: 	File has moved from www.niyati.com/blog/?p=298 to http://www.niyati.com/blog/2012/04/19/personal-blog-design/
20:33:26	Warning: 	Moved Permanently for www.niyati.com/blog/2012/04/19/personal-blog-design/298 http://www.niyati.com/blog/?p=298
20:33:26	Warning: 	File has moved from www.niyati.com/blog/2012/04/19/personal-blog-design/298 http://www.niyati.com/blog/?p=298 to http://www.niyati.com/blog/2012/04/19/personal-blog-design/
20:33:26	Warning: 	Moved Permanently for www.niyati.com/blog/?p=17
20:33:26	Warning: 	File has moved from www.niyati.com/blog/?p=17 to http://www.niyati.com/blog/2011/03/14/opening-for-a-business-development-manager/
20:33:26	Warning: 	Moved Permanently for www.niyati.com/blog/2011/03/14/opening-for-a-business-development-manager/17 http://www.niyati.com/blog/?p=17
20:33:26	Warning: 	File has moved from www.niyati.com/blog/2011/03/14/opening-for-a-business-development-manager/17 http://www.niyati.com/blog/?p=17 to http://www.niyati.com/blog/2011/03/14/opening-for-a-business-development-manager/
20:33:26	Warning: 	Moved Permanently for www.niyati.com/blog/?p=18
20:33:26	Warning: 	File has moved from www.niyati.com/blog/?p=18 to http://www.niyati.com/blog/2011/01/14/happy-pongal/
20:33:26	Warning: 	Moved Permanently for www.niyati.com/blog/2011/01/14/happy-pongal/18 http://www.niyati.com/blog/?p=18
20:33:26	Warning: 	File has moved from www.niyati.com/blog/2011/01/14/happy-pongal/18 http://www.niyati.com/blog/?p=18 to http://www.niyati.com/blog/2011/01/14/happy-pongal/
20:33:26	Warning: 	Moved Permanently for www.niyati.com/blog/?p=19
20:33:26	Warning: 	File has moved from www.niyati.com/blog/?p=19 to http://www.niyati.com/blog/2010/12/24/seasons-greetings/
20:33:26	Warning: 	Moved Permanently for www.niyati.com/blog/2010/12/24/seasons-greetings/19 http://www.niyati.com/blog/?p=19
20:33:26	Warning: 	File has moved from www.niyati.com/blog/2010/12/24/seasons-greetings/19 http://www.niyati.com/blog/?p=19 to http://www.niyati.com/blog/2010/12/24/seasons-greetings/
20:33:26	Warning: 	Moved Permanently for www.niyati.com/blog/?p=20
20:33:26	Warning: 	File has moved from www.niyati.com/blog/?p=20 to http://www.niyati.com/blog/2010/12/08/people-aids-and-us/
20:33:26	Warning: 	Moved Permanently for www.niyati.com/blog/2010/12/08/people-aids-and-us/20 http://www.niyati.com/blog/?p=20
20:33:26	Warning: 	File has moved from www.niyati.com/blog/2010/12/08/people-aids-and-us/20 http://www.niyati.com/blog/?p=20 to http://www.niyati.com/blog/2010/12/08/people-aids-and-us/
20:33:26	Warning: 	Moved Permanently for www.niyati.com/blog/?p=21
20:33:26	Warning: 	File has moved from www.niyati.com/blog/?p=21 to http://www.niyati.com/blog/2010/11/15/another-ace-from-us/
20:33:38	Warning: 	Moved Permanently for www.niyati.com/blog/2010/11/15/another-ace-from-us/21 http://www.niyati.com/blog/?p=21
20:33:38	Warning: 	File has moved from www.niyati.com/blog/2010/11/15/another-ace-from-us/21 http://www.niyati.com/blog/?p=21 to http://www.niyati.com/blog/2010/11/15/another-ace-from-us/
20:33:38	Warning: 	Moved Permanently for www.niyati.com/blog/?p=23
20:33:38	Warning: 	File has moved from www.niyati.com/blog/?p=23 to http://www.niyati.com/blog/2010/11/02/talent-vs-attitude-harsha-bhogle-speaks/
20:33:38	Warning: 	Moved Permanently for www.niyati.com/blog/2010/11/02/talent-vs-attitude-harsha-bhogle-speaks/23 http://www.niyati.com/blog/?p=23
20:33:38	Warning: 	File has moved from www.niyati.com/blog/2010/11/02/talent-vs-attitude-harsha-bhogle-speaks/23 http://www.niyati.com/blog/?p=23 to http://www.niyati.com/blog/2010/11/02/talent-vs-attitude-harsha-bhogle-speaks/
20:33:38	Warning: 	Moved Permanently for www.niyati.com/blog/?p=24
20:33:38	Warning: 	File has moved from www.niyati.com/blog/?p=24 to http://www.niyati.com/blog/2010/10/22/aim-for-a-happy-diwali/
20:33:38	Warning: 	Moved Permanently for www.niyati.com/blog/2010/10/22/aim-for-a-happy-diwali/24 http://www.niyati.com/blog/?p=24
20:33:38	Warning: 	File has moved from www.niyati.com/blog/2010/10/22/aim-for-a-happy-diwali/24 http://www.niyati.com/blog/?p=24 to http://www.niyati.com/blog/2010/10/22/aim-for-a-happy-diwali/
20:33:38	Warning: 	Moved Permanently for www.niyati.com/blog/?p=25
20:33:38	Warning: 	File has moved from www.niyati.com/blog/?p=25 to http://www.niyati.com/blog/2010/09/15/as-easy-as-a-click/
20:33:38	Warning: 	Moved Permanently for www.niyati.com/blog/2010/09/15/as-easy-as-a-click/25 http://www.niyati.com/blog/?p=25
20:33:38	Warning: 	File has moved from www.niyati.com/blog/2010/09/15/as-easy-as-a-click/25 http://www.niyati.com/blog/?p=25 to http://www.niyati.com/blog/2010/09/15/as-easy-as-a-click/
20:33:38	Warning: 	Moved Permanently for www.niyati.com/blog/?p=26
20:33:38	Warning: 	File has moved from www.niyati.com/blog/?p=26 to http://www.niyati.com/blog/2010/09/15/dilberts-take/
20:33:44	Warning: 	Moved Permanently for www.niyati.com/blog/2010/09/15/dilberts-take/26 http://www.niyati.com/blog/?p=26
20:33:44	Warning: 	File has moved from www.niyati.com/blog/2010/09/15/dilberts-take/26 http://www.niyati.com/blog/?p=26 to http://www.niyati.com/blog/2010/09/15/dilberts-take/
20:34:03	Warning: 	Moved Permanently for www.niyati.com/blog/?p=140
20:34:03	Warning: 	File has moved from www.niyati.com/blog/?p=140 to http://www.niyati.com/blog/2012/02/17/whats-cooking-at-niyati-2/
20:34:03	Warning: 	Moved Permanently for www.niyati.com/blog/2012/02/17/whats-cooking-at-niyati-2/140 http://www.niyati.com/blog/?p=140
20:34:03	Warning: 	File has moved from www.niyati.com/blog/2012/02/17/whats-cooking-at-niyati-2/140 http://www.niyati.com/blog/?p=140 to http://www.niyati.com/blog/2012/02/17/whats-cooking-at-niyati-2/

HTTrack Website Copier/3.48-21 mirror complete in 1 hours 31 minutes 6 seconds : 1491 links scanned, 1320 files written (67036663 bytes overall) [56117501 bytes received at 10266 bytes/sec], 19744803 bytes transferred using HTTP compression in 666 files, ratio 41%, 1.0 requests per connection
(5 errors, 309 warnings, 0 messages)
